{
  "weights": {
    "hotspot_probability": 0.020321466279065115,
    "normalized_predicted_count": 0.701473280073285,
    "persistence": 0.14711099222129678,
    "recent_intensity": 0.13109426142635297
  },
  "band_cutoffs": [
    6.834851446451506,
    13.977311629525095,
    24.703030027376165
  ],
  "predicted_count_min": -2.6981120036058943,
  "predicted_count_max": 114.51948876915722,
  "rolling_intensity_min": 0.0,
  "rolling_intensity_max": 370.35302360137615,
  "recent_intensity_min": 0.0,
  "recent_intensity_max": 114.0
}