{
  "predicted_count_min": -3.6997215942853963,
  "predicted_count_max": 114.81337830586953,
  "rolling_intensity_min": 0.0,
  "rolling_intensity_max": 370.35302360137615,
  "recent_intensity_min": 0.0,
  "recent_intensity_max": 114.0
}