{
  "weights": {
    "hotspot_probability": 0.023496592524288356,
    "normalized_predicted_count": 0.7014114201242017,
    "persistence": 0.14457702929620866,
    "recent_intensity": 0.13051495805530125
  },
  "band_cutoffs": [
    7.057362142899967,
    14.222013270247855,
    24.92136186765621
  ],
  "predicted_count_min": -2.6981120036058943,
  "predicted_count_max": 114.51948876915722,
  "rolling_intensity_min": 0.0,
  "rolling_intensity_max": 370.35302360137615,
  "recent_intensity_min": 0.0,
  "recent_intensity_max": 114.0
}